{
  "components/amp/products/grid": "<ul class=\"productGrid\">\n    {{#each products}}\n    <li class=\"product\">\n        {{>components/amp/products/card  settings=../settings show_rating=../settings.show_product_rating theme_settings=../theme_settings customer=../customer}}\n    </li>\n    {{/each}}\n</ul>\n",
  "components/amp/products/card": "<article class=\"card {{#if alternate}}card--alternate{{/if}}\">\n    <figure class=\"card-figure\">\n        {{#or price.non_sale_price_with_tax price.non_sale_price_without_tax}}\n            {{#if theme_settings.product_sale_badges}}\n                <div class=\"sale-sash\">\n                    <span class=\"sale-text\">On Sale!</span>\n                </div>\n            {{/if}}\n        {{/or}}\n        <a data-vars-product-link=\"{{url}}\" data-vars-product-id=\"{{id}}\" data-vars-product-name=\"{{name}}\" href=\"{{url}}\">\n          <amp-img class=\"card-image\" src=\"{{getImage image 'productgallery_size' (cdn theme_settings.default_image_product)}}\" width=\"{{first (split theme_settings.productgallery_size 'x')}}\" height=\"{{last (split theme_settings.productgallery_size 'x')}}\" layout=\"responsive\" alt=\"{{image.alt}}\"></amp-img>\n        </a>\n    </figure>\n    <div class=\"card-body\">\n        {{#and rating show_rating}}\n            <p class=\"card-text\" data-test-info-type=\"productRating\">\n                <span class=\"rating--small\">\n                    {{> components/amp/products/ratings rating=rating}}\n                </span>\n            </p>\n        {{/and}}\n        {{#if brand.name}}\n            <p class=\"card-text\" data-test-info-type=\"brandName\">{{brand.name}}</p>\n        {{/if}}\n        <h4 class=\"card-title\">\n            <a data-vars-product-link=\"{{url}}\" data-vars-product-id=\"{{id}}\" data-vars-product-name=\"{{name}}\" href=\"{{url}}\">{{name}}</a>\n        </h4>\n\n        <div class=\"card-text\" data-test-info-type=\"price\">\n            {{#or customer (if theme_settings.restrict_to_login '!==' true)}}\n                {{> components/products/price price=price customer=customer}}\n            {{else}}\n                {{> components/common/login-for-pricing}}\n            {{/or}}\n        </div>\n    </div>\n</article>\n",
  "components/amp/products/ratings": "{{#for 1 5}}\n    {{#if ../this.rating '>=' $index}}\n        <span class=\"icon icon--ratingFull\">\n            <svg xmlns=\"http://www.w3.org/2000/svg\" width=\"26\" height=\"28\" viewBox=\"0 0 26 28\"><path d=\"M0 10.11q0-.58.875-.72L8.72 8.25l3.515-7.11Q12.532.5 13 .5t.767.64l3.516 7.11 7.844 1.14q.875.14.875.72 0 .343-.406.75l-5.672 5.53 1.344 7.812q.016.11.016.313 0 .328-.164.555t-.477.227q-.297 0-.625-.187l-7.016-3.687-7.016 3.687q-.344.187-.625.187-.327 0-.49-.227t-.165-.555q0-.094.03-.313L6.08 16.39.392 10.86q-.39-.423-.39-.75z\"/></svg>\n        </span>\n    {{else}}\n        <span class=\"icon icon--ratingEmpty\">\n            <svg xmlns=\"http://www.w3.org/2000/svg\" width=\"26\" height=\"28\" viewBox=\"0 0 26 28\"><path d=\"M0 10.11q0-.58.875-.72L8.72 8.25l3.515-7.11Q12.532.5 13 .5t.767.64l3.516 7.11 7.844 1.14q.875.14.875.72 0 .343-.406.75l-5.672 5.53 1.344 7.812q.016.11.016.313 0 .328-.164.555t-.477.227q-.297 0-.625-.187l-7.016-3.687-7.016 3.687q-.344.187-.625.187-.327 0-.49-.227t-.165-.555q0-.094.03-.313L6.08 16.39.392 10.86q-.39-.423-.39-.75z\"/></svg>\n        </span>\n    {{/if}}\n{{/for}}\n",
  "components/common/login-for-pricing": "<p translate>Log in for pricing</p>\n",
  "components/products/price": "\r\n\r\n\r\n{{#if is_category}}\r\n        {{!-- There are 2 code paths for generating the PDP pricing HTML determined by the following #and condition. \r\n            If a 'price_range' exists then we generate all HTML in price-range.html, otherwise it is defined here. Both code\r\n            paths generate the same HTML structure with some differences in whether that element is displayed by default (css styling).\r\n            \r\n            If you are making a change here or in price-range.html, you probably want to make that change in both files. --}}\r\n                    \r\n            {{#and price.price_range (if theme_settings.price_ranges '==' true)}}\r\n                {{> components/products/price-range price=price schema_org=schema_org}}\r\n            {{else}}\r\n                {{#if price.with_tax}}\r\n                    <div class=\"price-section price-section--withTax rrp-price--withTax\" {{#unless price.rrp_with_tax}}style=\"display: none;\"{{/unless}}>\r\n                        {{theme_settings.pdp-retail-price-label}}\r\n                        <span data-product-rrp-with-tax class=\"price price--rrp\">\r\n                            {{price.rrp_with_tax.formatted}}\r\n                        </span>\r\n                    </div>\r\n                    <div class=\"price-section price-section--withTax non-sale-price--withTax\" {{#unless price.non_sale_price_with_tax}}style=\"display: none;\"{{/unless}}>\r\n                        {{theme_settings.pdp-non-sale-price-label}}\r\n                        <span data-product-non-sale-price-with-tax class=\"price price--non-sale\">\r\n                            {{price.non_sale_price_with_tax.formatted}}\r\n                        </span>\r\n                    </div>\r\n                    <div class=\"price-section price-section--withTax\" {{#if schema_org}}itemprop=\"offers\" itemscope itemtype=\"http://schema.org/Offer\"{{/if}}>\r\n                        <span class=\"price-label\" {{#if price.non_sale_price_with_tax}}style=\"display: none;\"{{/if}}>\r\n                            {{theme_settings.pdp-price-label}}\r\n                        </span>\r\n                        <span class=\"price-now-label left\" {{#unless price.non_sale_price_with_tax}}style=\"display: none;\"{{/unless}}>\r\n                            Now\r\n                        </span>\r\n                        <span data-product-price-with-tax class=\"price price--withTax right\">{{price.with_tax.formatted}}</span>\r\n                        {{#if schema_org}}\r\n                            <meta itemprop=\"availability\" itemtype=\"http://schema.org/ItemAvailability\" \r\n                                content=\"http://schema.org/{{#if product.pre_order}}PreOrder{{else if product.out_of_stock}}OutOfStock{{else if product.can_purchase '===' false}}OutOfStock{{else}}InStock{{/if}}\">\r\n                            <meta itemprop=\"itemCondition\" itemtype=\"http://schema.org/OfferItemCondition\" content=\"http://schema.org/{{product.condition}}Condition\">\r\n                            <meta itemprop=\"priceCurrency\" content=\"{{currency_selector.active_currency_code}}\">\r\n                            <meta itemprop=\"url\" content=\"{{product.url}}\">\r\n                            <div itemprop=\"priceSpecification\" itemscope itemtype=\"http://schema.org/PriceSpecification\">\r\n                                <meta itemprop=\"price\" content=\"{{price.with_tax.value}}\">\r\n                                <meta itemprop=\"priceCurrency\" content=\"{{currency_selector.active_currency_code}}\">\r\n                                <meta itemprop=\"valueAddedTaxIncluded\" content=\"true\">\r\n                            </div>\r\n                        {{/if}}\r\n                        {{#if price.without_tax}}\r\n                            <abbr title=\"{{lang 'products.including_tax'}}\">{{lang 'products.price_with_tax' tax_label=price.tax_label}}</abbr>\r\n                        {{/if}}\r\n                    </div>\r\n                {{/if}}\r\n            \r\n                {{#if price.without_tax}}\r\n            \r\n                    <div class=\"price-section price-section--withoutTax rrp-price--withoutTax{{#if price.with_tax}} price-section--minor{{/if}}\" {{#unless price.rrp_without_tax}}style=\"display: none;\"{{/unless}}>\r\n                        {{theme_settings.pdp-retail-price-label}}\r\n                        <span data-product-rrp-price-without-tax class=\"price price--rrp\"> \r\n                            {{price.rrp_without_tax.formatted}}\r\n                        </span>\r\n                    </div>\r\n            \r\n                    <div class=\"price-section price-section--withoutTax\" {{#if schema_org}}itemprop=\"offers\" itemscope itemtype=\"http://schema.org/Offer\"{{/if}}>\r\n                        <span class=\"price-label\" {{#if price.non_sale_price_without_tax}}style=\"display: none;\"{{/if}}>\r\n                            {{theme_settings.pdp-price-label}}\r\n                        </span>\r\n                    \r\n                        <div class=\"price-container-with-now\" {{#if price.saved}}{{else}} style=\"justify-content: center;\" {{/if}}>\r\n                            <div class=\"now-responsive\" style=\"display:flex;flex-direction: column;align-items: flex-start;\">\r\n                                <span class=\"price-now-label left\" {{#unless price.non_sale_price_without_tax}}style=\"display: none;\"{{/unless}}>\r\n                                    Now\r\n                                </span>\r\n                                <span data-product-price-without-tax class=\"price price--withoutTax{{#if price.with_tax}} price-section--minor{{/if}} right ptax\">{{price.without_tax.formatted}}</span>\r\n                            </div>\r\n                        <div>\r\n                            <div class=\"price-section price-section--withoutTax non-sale-price--withoutTax{{#if price.with_tax}} price-section--minor{{/if}}\" {{#unless price.non_sale_price_without_tax}}style=\"display: none;\"{{/unless}}>\r\n                                <span class=\"price left price-was was\" data-product-non-sale-price-without-tax>Was <strike>{{price.non_sale_price_without_tax.formatted}}</strike></span>\r\n                                <!-- <span data-product-non-sale-price-without-tax class=\"price price--non-sale right\">\r\n                                    \r\n                                </span> -->\r\n                            </div>\r\n                            <div class=\"price-section price-section--saving price\" {{#unless price.saved}}style=\"display: none;\"{{/unless}}>\r\n                                    <span data-product-price-saved class=\"price price--saving left price-was\">\r\n                                        Save: {{price.saved.formatted}}\r\n                                    </span>               \r\n                            </div>\r\n                        </div>\r\n                        \r\n                    </div> \r\n            \r\n            \r\n            \r\n            \r\n                        {{#if schema_org}}\r\n                            <meta itemprop=\"availability\" itemtype=\"http://schema.org/ItemAvailability\"\r\n                                content=\"http://schema.org/{{#if product.pre_order}}PreOrder{{else if product.out_of_stock}}OutOfStock{{else if product.can_purchase '===' false}}OutOfStock{{else}}InStock{{/if}}\">\r\n                            <meta itemprop=\"itemCondition\" itemtype=\"http://schema.org/OfferItemCondition\" content=\"http://schema.org/{{product.condition}}Condition\">\r\n                            <meta itemprop=\"priceCurrency\" content=\"{{currency_selector.active_currency_code}}\">\r\n                            <meta itemprop=\"url\" content=\"{{product.url}}\">\r\n                            <div itemprop=\"priceSpecification\" itemscope itemtype=\"http://schema.org/PriceSpecification\">\r\n                                <meta itemprop=\"price\" content=\"{{price.without_tax.value}}\">\r\n                                <meta itemprop=\"priceCurrency\" content=\"{{currency_selector.active_currency_code}}\">\r\n                                <meta itemprop=\"valueAddedTaxIncluded\" content=\"false\">\r\n                            </div>\r\n                        {{/if}}\r\n                        \r\n                        {{#if price.with_tax}}\r\n                            <abbr title=\"{{lang 'products.excluding_tax'}}\">{{lang 'products.price_without_tax' tax_label=price.tax_label}}</abbr>\r\n                        {{/if}}\r\n                    </div>\r\n                {{/if}}\r\n            \r\n            \r\n            \r\n            {{/and}}\r\n            <script>\r\n                    $(\".price\").each(function() {\r\n                        if($(this).html().indexOf('$999,999.00') > -1 ){\r\n                            $(this).html( $(this).html().split('$999,999.00').join('<span class=\"ask-price\">Ask for Price</span>'));\r\n                        }\r\n                    });\r\n            </script>\r\n    \r\n{{else}}\r\n{{!-- if product page shown --!}}\r\n        {{!-- There are 2 code paths for generating the PDP pricing HTML determined by the following #and condition. \r\n            If a 'price_range' exists then we generate all HTML in price-range.html, otherwise it is defined here. Both code\r\n            paths generate the same HTML structure with some differences in whether that element is displayed by default (css styling).\r\n            \r\n            If you are making a change here or in price-range.html, you probably want to make that change in both files. --}}\r\n                    \r\n            {{#and price.price_range (if theme_settings.price_ranges '==' true)}}\r\n                {{> components/products/price-range price=price schema_org=schema_org}}\r\n            {{else}}\r\n                {{#if price.with_tax}}\r\n                    <div class=\"price-section price-section--withTax rrp-price--withTax\" {{#unless price.rrp_with_tax}}style=\"display: none;\"{{/unless}}>\r\n                        {{theme_settings.pdp-retail-price-label}}\r\n                        <span data-product-rrp-with-tax class=\"price price--rrp\">\r\n                            {{price.rrp_with_tax.formatted}}\r\n                        </span>\r\n                    </div>\r\n                    <div class=\"price-section price-section--withTax non-sale-price--withTax\" {{#unless price.non_sale_price_with_tax}}style=\"display: none;\"{{/unless}}>\r\n                        {{theme_settings.pdp-non-sale-price-label}}\r\n                        <span data-product-non-sale-price-with-tax class=\"price price--non-sale\">\r\n                            {{price.non_sale_price_with_tax.formatted}}\r\n                        </span>\r\n                    </div>\r\n                    <div class=\"price-section price-section--withTax\" {{#if schema_org}}itemprop=\"offers\" itemscope itemtype=\"http://schema.org/Offer\"{{/if}} style=\"display:flex;justify-content: space-between;\">\r\n                        <span class=\"price-label\" {{#if price.non_sale_price_with_tax}}style=\"display: none;\"{{/if}}>\r\n                            {{theme_settings.pdp-price-label}}\r\n                        </span>\r\n                        <span class=\"price-now-label left\" {{#unless price.non_sale_price_with_tax}}style=\"display: none;\"{{/unless}} style=\"color:gray;\">\r\n                            Our Price:\r\n                        </span>\r\n                      \r\n                        {{#if schema_org}}\r\n                            <meta itemprop=\"availability\" itemtype=\"http://schema.org/ItemAvailability\" \r\n                                content=\"http://schema.org/{{#if product.pre_order}}PreOrder{{else if product.out_of_stock}}OutOfStock{{else if product.can_purchase '===' false}}OutOfStock{{else}}InStock{{/if}}\">\r\n                            <meta itemprop=\"itemCondition\" itemtype=\"http://schema.org/OfferItemCondition\" content=\"http://schema.org/{{product.condition}}Condition\">\r\n                            <meta itemprop=\"priceCurrency\" content=\"{{currency_selector.active_currency_code}}\">\r\n                            <meta itemprop=\"url\" content=\"{{product.url}}\">\r\n                            <div itemprop=\"priceSpecification\" itemscope itemtype=\"http://schema.org/PriceSpecification\">\r\n                                <meta itemprop=\"price\" content=\"{{price.with_tax.value}}\">\r\n                                <meta itemprop=\"priceCurrency\" content=\"{{currency_selector.active_currency_code}}\">\r\n                                <meta itemprop=\"valueAddedTaxIncluded\" content=\"true\">\r\n                            </div>\r\n                        {{/if}}\r\n                        {{#if price.without_tax}}\r\n                            <abbr title=\"{{lang 'products.including_tax'}}\">{{lang 'products.price_with_tax' tax_label=price.tax_label}}</abbr>\r\n                        {{/if}}\r\n                        <span data-product-price-with-tax class=\"price price--withTax right\" style=\"font-size:1.4rem;\">{{price.with_tax.formatted}}</span>\r\n                    </div>\r\n                {{/if}}\r\n            \r\n                {{#if price.without_tax}}\r\n                    <div class=\"price-section price-section--withoutTax rrp-price--withoutTax{{#if price.with_tax}} price-section--minor{{/if}}\" {{#unless price.rrp_without_tax}}style=\"display: none;\"{{/unless}}>\r\n                        {{theme_settings.pdp-retail-price-label}}\r\n                        <span data-product-rrp-price-without-tax class=\"price price--rrp\"> \r\n                            {{price.rrp_without_tax.formatted}}\r\n                        </span>\r\n                    </div>\r\n                    <div class=\"price-section price-section--withoutTax non-sale-price--withoutTax{{#if price.with_tax}} price-section--minor{{/if}}\" {{#unless price.non_sale_price_without_tax}}style=\"display: none;\"{{/unless}} style=\"display:flex;justify-content: space-between; align-items: center;width:100%;\">\r\n                        <span class=\"price price--non-sale left\" style=\"text-decoration: none;\">Regular Price: </span>\r\n                        <span data-product-non-sale-price-without-tax class=\"price price--non-sale right\">\r\n                            {{price.non_sale_price_without_tax.formatted}}\r\n                        </span>\r\n                    </div>\r\n               \r\n                    <div class=\"price-section price-section--withoutTax\" {{#if schema_org}}itemprop=\"offers\" itemscope itemtype=\"http://schema.org/Offer\"{{/if}} style=\"display:flex;justify-content: space-between; align-items: center;width:100%;\">\r\n                        <span class=\"price-label\" {{#if price.non_sale_price_without_tax}}style=\"display: none;\"{{/if}}>\r\n                            {{theme_settings.pdp-price-label}}\r\n                        </span>\r\n                        <span class=\"price-now-label left\" {{#unless price.non_sale_price_without_tax}}style=\"display: none;\"{{/unless}} style=\"color:gray\">\r\n                            Our Price:\r\n                        </span>\r\n                       \r\n                        {{#if schema_org}}\r\n                            <meta itemprop=\"availability\" itemtype=\"http://schema.org/ItemAvailability\"\r\n                                content=\"http://schema.org/{{#if product.pre_order}}PreOrder{{else if product.out_of_stock}}OutOfStock{{else if product.can_purchase '===' false}}OutOfStock{{else}}InStock{{/if}}\">\r\n                            <meta itemprop=\"itemCondition\" itemtype=\"http://schema.org/OfferItemCondition\" content=\"http://schema.org/{{product.condition}}Condition\">\r\n                            <meta itemprop=\"priceCurrency\" content=\"{{currency_selector.active_currency_code}}\">\r\n                            <meta itemprop=\"url\" content=\"{{product.url}}\">\r\n                            <div itemprop=\"priceSpecification\" itemscope itemtype=\"http://schema.org/PriceSpecification\">\r\n                                <meta itemprop=\"price\" content=\"{{price.without_tax.value}}\">\r\n                                <meta itemprop=\"priceCurrency\" content=\"{{currency_selector.active_currency_code}}\">\r\n                                <meta itemprop=\"valueAddedTaxIncluded\" content=\"false\">\r\n                            </div>\r\n                        {{/if}}\r\n                        \r\n                        {{#if price.with_tax}}\r\n                            <abbr title=\"{{lang 'products.excluding_tax'}}\">{{lang 'products.price_without_tax' tax_label=price.tax_label}}</abbr>\r\n                        {{/if}}\r\n                        <span data-product-price-without-tax class=\"price price--withoutTax{{#if price.with_tax}} price-section--minor{{/if}} right\" style=\"font-size:1.4rem;\">{{price.without_tax.formatted}}</span>\r\n                        \r\n                            \r\n                    </div>\r\n                    <div class=\"price-section price-section--saving price\" {{#unless price.saved}}style=\"display: none;\"{{/unless}} style=\"display:flex;justify-content: space-between;align-items: center;width:100%;\">\r\n                        <!-- <span data-product-price-saved class=\"price price--saving left\" style=\"color:gray\">  -->\r\n                        <span class=\"left\" style=\"color:gray\"> \r\n                            You save:\r\n                        </span>\r\n                        <span data-product-price-saved class=\"price price--saving right\">\r\n                            {{price.saved.formatted}}\r\n                        </span>    \r\n                    </div>\r\n                {{/if}}\r\n            \r\n            \r\n            \r\n            {{/and}}\r\n            <script>\r\n                    $(\".price\").each(function() {\r\n                        if($(this).html().indexOf('$999,999.00') > -1 ){\r\n                            $(this).html( $(this).html().split('$999,999.00').join('<span class=\"ask-price\">Ask for Price</span>'));\r\n                        }\r\n                    });\r\n            </script>\r\n    \r\n{{/if}}\n",
  "components/products/price-range": "{{#and price.retail_price_range.min.with_tax price.retail_price_range.max.with_tax}}\n    <div class=\"price-section price-section--withTax rrp-price--withTax\">\n        {{theme_settings.pdp-retail-price-label}}\n        <span data-product-rrp-price-with-tax class=\"price price--rrp\">{{price.retail_price_range.min.with_tax.formatted}} - {{price.retail_price_range.max.with_tax.formatted}}</span>\n    </div>\n{{else}}\n    {{#if price.with_tax}}\n        <div class=\"price-section price-section--withTax rrp-price--withTax\" style=\"display: none;\">\n            {{theme_settings.pdp-retail-price-label}}\n            <span data-product-rrp-with-tax class=\"price price--rrp\">\n                {{price.rrp_with_tax.formatted}}\n            </span>\n        </div>\n    {{/if}}\n{{/and}}\n{{#and price.price_range.min.with_tax price.price_range.max.with_tax}}\n    {{!-- Never display the \"non-sales price\" if there is a price range to be shown, but we do want the element on the page --}}\n    <div class=\"price-section price-section--withTax non-sale-price--withTax\" style=\"display: none;\">\n        {{theme_settings.pdp-non-sale-price-label}}\n        <span data-product-non-sale-price-with-tax class=\"price price--non-sale\">\n            {{price.non_sale_price_with_tax.formatted}}\n        </span>\n    </div>\n    <div class=\"price-section price-section--withTax\" {{#if schema_org}}itemprop=\"offers\" itemscope itemtype=\"https://schema.org/Offer\"{{/if}}>\n        <span class=\"price-label\">{{theme_settings.pdp-price-label}}</span>\n        <span class=\"price-now-label\" style=\"display: none;\">{{theme_settings.pdp-sale-price-label}}</span>\n        <span data-product-price-with-tax class=\"price price--withTax\">{{price.price_range.min.with_tax.formatted}} - {{price.price_range.max.with_tax.formatted}}</span>\n        {{#and price.price_range.min.without_tax price.price_range.max.without_tax}}\n            <abbr title=\"{{lang 'products.including_tax'}}\">{{lang 'products.price_with_tax' tax_label=price.price_range.min.tax_label}}</abbr>\n        {{/and}}\n        {{#if schema_org}}\n            <meta itemprop=\"availability\" itemtype=\"https://schema.org/ItemAvailability\"\n                    content=\"https://schema.org/{{#if product.pre_order}}PreOrder{{else if product.out_of_stock}}OutOfStock{{else if product.can_purchase '===' false}}OutOfStock{{else}}InStock{{/if}}\">\n            <meta itemprop=\"itemCondition\" itemtype=\"https://schema.org/OfferItemCondition\" content=\"https://schema.org/{{product.condition}}Condition\">\n            <meta itemprop=\"priceCurrency\" content=\"{{currency_selector.active_currency_code}}\">\n            <meta itemprop=\"url\" content=\"{{product.url}}\">\n            <div itemprop=\"priceSpecification\" itemscope itemtype=\"https://schema.org/PriceSpecification\">\n                <meta itemprop=\"minPrice\" content=\"{{price_range.min.with_tax.value}}\"  />\n                <meta itemprop=\"price\" content=\"{{price_range.min.with_tax.value}}\">\n                <meta itemprop=\"maxPrice\" content=\"{{price_range.max.with_tax.value}}\"  />\n                <meta itemprop=\"priceCurrency\" content=\"{{currency_selector.active_currency_code}}\">\n                <meta itemprop=\"valueAddedTaxIncluded\" content=\"true\">\n            </div>\n        {{/if}}\n    </div>\n{{/and}}\n{{#and price.retail_price_range.min.without_tax price.retail_price_range.max.without_tax}}\n    <div class=\"price-section price-section--withoutTax rrp-price--withoutTax{{#if price.with_tax}} price-section--minor{{/if}}\">\n        {{theme_settings.pdp-retail-price-label}}\n        <span data-product-rrp-price-without-tax class=\"price price--rrp\">{{price.retail_price_range.min.without_tax.formatted}} - {{price.retail_price_range.max.without_tax.formatted}}</span>\n    </div>\n{{else}}\n    {{#if price.without_tax}}\n        <div class=\"price-section price-section--withoutTax rrp-price--withoutTax{{#if price.with_tax}} price-section--minor{{/if}}\" style=\"display: none;\">\n            {{theme_settings.pdp-retail-price-label}}\n            <span data-product-rrp-price-without-tax class=\"price price--rrp\">\n                {{price.rrp_without_tax.formatted}}\n            </span>\n        </div>\n    {{/if}}\n{{/and}}\n{{#and price.price_range.min.without_tax price.price_range.max.without_tax}}\n    {{!-- Never display the \"non-sales price\" if there is a price range to be shown, but we do want the element on the page --}}\n    <div class=\"price-section price-section--withoutTax non-sale-price--withoutTax{{#if price.with_tax}} price-section--minor{{/if}}\" style=\"display: none;\">\n        {{theme_settings.pdp-non-sale-price-label}}\n        <span data-product-non-sale-price-without-tax class=\"price price--non-sale\">\n            {{price.non_sale_price_without_tax.formatted}}\n        </span>\n    </div>\n    <div class=\"price-section price-section--withoutTax{{#and price_range.min.with_tax price_range.max.with_tax}} price-section--minor{{/and}}\" {{#if schema_org}}itemprop=\"offers\" itemscope itemtype=\"https://schema.org/Offer\"{{/if}}>\n        <span class=\"price-label\">{{theme_settings.pdp-price-label}}</span>\n        <span class=\"price-now-label\" style=\"display: none;\">{{theme_settings.pdp-sale-price-label}}</span>\n        <span data-product-price-without-tax class=\"price price--withoutTax\">{{price.price_range.min.without_tax.formatted}} - {{price.price_range.max.without_tax.formatted}}</span>\n        {{#and price.price_range.min.with_tax price.price_range.max.with_tax}}\n            <abbr title=\"{{lang 'products.excluding_tax'}}\">{{lang 'products.price_without_tax' tax_label=price.price_range.min.tax_label}}</abbr>\n        {{/and}}\n        {{#if schema_org}}\n            <meta itemprop=\"availability\" itemtype=\"https://schema.org/ItemAvailability\"\n                    content=\"https://schema.org/{{#if product.pre_order}}PreOrder{{else if product.out_of_stock}}OutOfStock{{else if product.can_purchase '===' false}}OutOfStock{{else}}InStock{{/if}}\">\n            <meta itemprop=\"itemCondition\" itemtype=\"https://schema.org/OfferItemCondition\" content=\"https://schema.org/{{product.condition}}Condition\">\n            <meta itemprop=\"priceCurrency\" content=\"{{currency_selector.active_currency_code}}\">\n            <meta itemprop=\"url\" content=\"{{product.url}}\">\n            <div itemprop=\"priceSpecification\" itemscope itemtype=\"https://schema.org/PriceSpecification\">\n                <meta itemprop=\"minPrice\" content=\"{{price.price_range.min.without_tax.value}}\"  />\n                <meta itemprop=\"price\" content=\"{{price.price_range.min.without_tax.value}}\">\n                <meta itemprop=\"maxPrice\" content=\"{{price.price_range.max.without_tax.value}}\"  />\n                <meta itemprop=\"priceCurrency\" content=\"{{currency_selector.active_currency_code}}\">\n                <meta itemprop=\"valueAddedTaxIncluded\" content=\"false\">\n            </div>\n        {{/if}}\n    </div>\n{{/and}}\n\n{{!-- Never display the \"saving price\" element by default if there is a price range on the page to be shown --}}\n{{#if page_type '===' 'product'}}\n     <div class=\"price-section price-section--saving price\" style=\"display: none;\">\n            <span class=\"price\">{{lang 'products.you_save_opening_text'}}</span>\n            <span data-product-price-saved class=\"price price--saving\">\n                {{price.saved.formatted}}\n            </span>\n            <span class=\"price\">{{lang 'products.you_save_closing_bracket'}}</span>\n     </div>\n{{/if}}\n"
}