{
  "components/carousel": "<section class=\"heroCarousel\"\r\n    data-slick='{\r\n        \"arrows\": {{arrows}},\r\n        \"mobileFirst\": true,\r\n        \"slidesToShow\": 1,\r\n        \"slidesToScroll\": 1,\r\n        \"autoplay\": true,\r\n        \"autoplaySpeed\": {{carousel.swap_frequency}},\r\n        \"lazyLoad\": \"anticipated\"\r\n    }'>\r\n    \r\n    \r\n    \r\n     \r\n    \r\n    {{#each carousel.slides}}\r\n    <a href=\"{{url}}\">\r\n        <div class=\"heroCarousel-slide {{#if ../theme_settings.homepage_stretch_carousel_images}}stretch{{/if}} {{#if @first}}heroCarousel-slide--first{{/if}}\">\r\n            <div class=\"heroCarousel-image-wrapper\" {{#and image_height image_width}}style=\"height: {{multiply (divide image_height image_width) 100}}vw\"{{/and}}>\r\n            {{#if @first}}\r\n                {{> components/common/responsive-img\r\n                    image=stencil_image\r\n                    class=\"heroCarousel-image\"\r\n                    fallback_size='1280w'\r\n                    lazyload='disabled'\r\n                }}\r\n            {{else}}\r\n                {{> components/common/responsive-img\r\n                    image=stencil_image\r\n                    class=\"heroCarousel-image\"\r\n                    fallback_size='1280w'\r\n                    lazyload='lazyload'\r\n                }}\r\n            {{/if}}\r\n            </div>\r\n            {{#if heading}}\r\n                {{> components/carousel-content show_background=true}}\r\n            {{else}}\r\n                {{#if text}}\r\n                    {{> components/carousel-content show_background=true}}\r\n                {{else}}\r\n                    {{#if button_text}}\r\n                        {{> components/carousel-content show_background=false}}\r\n                    {{/if}}\r\n                {{/if}}\r\n            {{/if}}\r\n        </div>\r\n    </a>\r\n    {{/each}}\r\n    \r\n     <a href=\"/bedding/\">\r\n        <div class=\"heroCarousel-slide {{#if ../theme_settings.homepage_stretch_carousel_images}}stretch{{/if}} {{#if @first}}heroCarousel-slide--first{{/if}}\">\r\n            <div class=\"heroCarousel-image-wrapper\" {{#and image_height image_width}}style=\"height: {{multiply (divide image_height image_width) 100}}vw\"{{/and}}>\r\n            <img src=\"https://cdn11.bigcommerce.com/s-bek4r4rsz5/product_images/uploaded_images/bedding-kings.png?t=1626654160&_gl=1*1tuowg3*_ga*NjI0NTc5OTk1LjE2MTgyMTQ3OTI.*_ga_WS2VZYPC6G*MTYyNjY1MzYwMy4yMC4xLjE2MjY2NTQxNDMuNA..\" alt=\"\" />\r\n            </div>\r\n        </div>\r\n    </a>\r\n    <a href=\"/#/\">\r\n        <div class=\"heroCarousel-slide {{#if ../theme_settings.homepage_stretch_carousel_images}}stretch{{/if}} {{#if @first}}heroCarousel-slide--first{{/if}}\">\r\n            <div class=\"heroCarousel-image-wrapper\" {{#and image_height image_width}}style=\"height: {{multiply (divide image_height image_width) 100}}vw\"{{/and}}>\r\n            <img src=\"https://cdn11.bigcommerce.com/s-bek4r4rsz5/product_images/uploaded_images/bannerad-app.jpg\" alt=\"\" />\r\n            </div>\r\n        </div>\r\n    </a>\r\n    \r\n     <a href=\"/#/\">\r\n        <div class=\"heroCarousel-slide {{#if ../theme_settings.homepage_stretch_carousel_images}}stretch{{/if}} {{#if @first}}heroCarousel-slide--first{{/if}}\">\r\n            <div class=\"heroCarousel-image-wrapper\" {{#and image_height image_width}}style=\"height: {{multiply (divide image_height image_width) 100}}vw\"{{/and}}>\r\n            <img src=\"https://cdn11.bigcommerce.com/s-bek4r4rsz5/product_images/uploaded_images/bannerad-check.jpg\" alt=\"\" />\r\n            </div>\r\n        </div>\r\n    </a>\r\n    \r\n    <!--<a href=\"/#/\">-->\r\n    <!--    <div class=\"heroCarousel-slide {{#if ../theme_settings.homepage_stretch_carousel_images}}stretch{{/if}} {{#if @first}}heroCarousel-slide--first{{/if}}\">-->\r\n    <!--        <div class=\"heroCarousel-image-wrapper\" {{#and image_height image_width}}style=\"height: {{multiply (divide image_height image_width) 100}}vw\"{{/and}}>-->\r\n    <!--        <img src=\"https://cdn11.bigcommerce.com/s-bek4r4rsz5/product_images/uploaded_images/bannerad-mattress.jpg\" alt=\"\" />-->\r\n    <!--        </div>-->\r\n    <!--    </div>-->\r\n    <!--</a>-->\r\n    \r\n    \r\n    \r\n    <a href=\"/giftcard/\">\r\n        <div class=\"heroCarousel-slide {{#if ../theme_settings.homepage_stretch_carousel_images}}stretch{{/if}} {{#if @first}}heroCarousel-slide--first{{/if}}\">\r\n            <div class=\"heroCarousel-image-wrapper\" {{#and image_height image_width}}style=\"height: {{multiply (divide image_height image_width) 100}}vw\"{{/and}}>\r\n            <img src=\"https://cdn11.bigcommerce.com/s-bek4r4rsz5/product_images/uploaded_images/king-gift-card.png\" alt=\"\" />\r\n            </div>\r\n        </div>\r\n    </a>\r\n    \r\n    <!-- <a href=\"/giftcard/\">-->\r\n    <!--    <div class=\"heroCarousel-slide {{#if ../theme_settings.homepage_stretch_carousel_images}}stretch{{/if}} {{#if @first}}heroCarousel-slide--first{{/if}}\">-->\r\n    <!--        <div class=\"heroCarousel-image-wrapper\" {{#and image_height image_width}}style=\"height: {{multiply (divide image_height image_width) 100}}vw\"{{/and}}>-->\r\n    <!--        <img src=\"https://cdn11.bigcommerce.com/s-bek4r4rsz5/product_images/uploaded_images/kings-productpage-gift-card.jpg\" alt=\"\" />-->\r\n    <!--        </div>-->\r\n    <!--    </div>-->\r\n    <!--</a>-->\r\n    \r\n    <!--<a href=\"/bosch/\">-->\r\n    <!--    <div class=\"heroCarousel-slide {{#if ../theme_settings.homepage_stretch_carousel_images}}stretch{{/if}} {{#if @first}}heroCarousel-slide--first{{/if}}\">-->\r\n    <!--        <div class=\"heroCarousel-image-wrapper\" {{#and image_height image_width}}style=\"height: {{multiply (divide image_height image_width) 100}}vw\"{{/and}}>-->\r\n    <!--        <img src=\"https://cdn11.bigcommerce.com/s-bek4r4rsz5/product_images/uploaded_images/kings-banner-bosch.jpg\" alt=\"\" />-->\r\n    <!--        </div>-->\r\n    <!--    </div>-->\r\n    <!--</a>-->\r\n    \r\n    <a href=\"/whirlpool/\">\r\n        <div class=\"heroCarousel-slide {{#if ../theme_settings.homepage_stretch_carousel_images}}stretch{{/if}} {{#if @first}}heroCarousel-slide--first{{/if}}\">\r\n            <div class=\"heroCarousel-image-wrapper\" {{#and image_height image_width}}style=\"height: {{multiply (divide image_height image_width) 100}}vw\"{{/and}}>\r\n            <img src=\"https://cdn11.bigcommerce.com/s-bek4r4rsz5/product_images/theme_images/Kings_Banner-Whirlpool.png\" alt=\"\" />\r\n            </div>\r\n        </div>\r\n    </a>\r\n    \r\n     <a href=\"/lg/\">\r\n        <div class=\"heroCarousel-slide {{#if ../theme_settings.homepage_stretch_carousel_images}}stretch{{/if}} {{#if @first}}heroCarousel-slide--first{{/if}}\">\r\n            <div class=\"heroCarousel-image-wrapper\" {{#and image_height image_width}}style=\"height: {{multiply (divide image_height image_width) 100}}vw\"{{/and}}>\r\n            <img src=\"https://cdn11.bigcommerce.com/s-bek4r4rsz5/product_images/theme_images/Kings_Banner-LG.png\" alt=\"\" />\r\n            </div>\r\n        </div>\r\n    </a>\r\n    \r\n        \r\n    <a href=\"/maytag/\">\r\n        <div class=\"heroCarousel-slide {{#if ../theme_settings.homepage_stretch_carousel_images}}stretch{{/if}} {{#if @first}}heroCarousel-slide--first{{/if}}\">\r\n            <div class=\"heroCarousel-image-wrapper\" {{#and image_height image_width}}style=\"height: {{multiply (divide image_height image_width) 100}}vw\"{{/and}}>\r\n            <img src=\"https://cdn11.bigcommerce.com/s-bek4r4rsz5/product_images/uploaded_images/kings-banner-maytag.jpg\" alt=\"\" />\r\n            </div>\r\n        </div>\r\n    </a>\r\n    \r\n     <a href=\"/hisense/\">\r\n        <div class=\"heroCarousel-slide {{#if ../theme_settings.homepage_stretch_carousel_images}}stretch{{/if}} {{#if @first}}heroCarousel-slide--first{{/if}}\">\r\n            <div class=\"heroCarousel-image-wrapper\" {{#and image_height image_width}}style=\"height: {{multiply (divide image_height image_width) 100}}vw\"{{/and}}>\r\n            <img src=\"{{cdn 'assets/img/hisense/Hisense-banner.png'}}\" alt=\"\" />\r\n            </div>\r\n        </div>\r\n    </a>\r\n   \r\n    \r\n    \r\n    \r\n    \r\n\r\n</section>\r\n",
  "components/common/responsive-img": "{{!--\nThis file implements the lazysizes srcset pattern (as seen on\nhttps://github.com/aFarkas/lazysizes#modern-transparent-srcset-pattern) for maximum performance on modern browsers\nand reasonable compatibility with legacy browsers.\n\nThere are a few important arguments to know about when using this component:\n`lazyload`:\n    - If set to 'lazyload+lqip', will load a low-res image which will be replaced by lazysizes - ensuring that SOME\n    content is shown immediately on page load. Without LQIP, a transparent gif will be used instead, which reduces\n    the number of requests needed to load the page, making it even faster.\n    - If set to 'lazyload', the browser will not load the full-size image at first, instead the lazysizes plugin will\n        load it progressively after page load. This improves the load speed of the page, but it should be disabled for\n        high-priority above-the-fold images.\n    - If set to 'disabled', will not attempt to lazyload the image and instead tell the browser to load it immediately.\n        Use this for high-priority images that are above the fold.\n\n`fallback_size`:\n    This is the size to use for this image in legacy browsers that do not support srcset.\n    Can be defined as a pixel bounding-box size (e.g. \"123x123) or inherent width (e.g. \"123w\").\n\n`class`:\n    The CSS classes to add to the image, e.g. \"card-image\". If lazyloading is enabled, all images will have the\n    \"lazyload\" class so that lazysizes will target them automatically.\n\n`otherAttributes`:\n    Any other HTML attributes you want on the img tag, for example \"height='100' width='100'\"\n\n`default_image`:\n    The default image to use if `image` is undefined or falsy. Should be a theme asset, usually defined as a relative\n    path in the theme config. If a default image is not provided, you'll get an image tag with no image if the primary\n    image is undefined.\n\n`lqip_size`:\n    If you want to specify a particular size for the LQIP image, you can do so with this argument. A default of 80\n    pixels wide will be used otherwise. This argument has no effect if the lazyload mode is not \"lazyload+lqip\".\n\n--}}\n<img {{#if image}}{{!-- Get the default image for legacy browsers that do not support srcset\n--}}src=\"{{getImageSrcset image 1x=(default fallback_size '160w')}}\" alt=\"{{image.alt}}\" title=\"{{image.alt}}\" {{!--\n  Allow lazysizes to generate the 'sizes' attribute automatically --}}data-sizes=\"auto\"\n  {{#unless lazyload '==' 'disabled'}}\n    {{#if lazyload '==' 'lazyload+lqip'}}\n    {{!-- If we want a LQIP, include it as the default srcset (will be overwritten by lazysizes) --}}\n    srcset=\"{{getImageSrcset image 1x=(default lqip_size '1452w')}}\"\n    {{else}}\n      {{!-- If we don't want a LQIP, use a 1px transparent gif for the stand-in image\n            This requires no additional network request, so it's fast --}}\n    srcset=\"data:image/gif;base64,R0lGODlhAQABAIAAAP///wAAACH5BAEAAAAALAAAAAABAAEAAAICRAEAOw==\"\n    {{/if}}\n{{/unless}}\n{{!-- If lazyloading is disabled, just use \"srcset\". If it is not disabled, use \"data-srcset\" so lazysizes will use\n      this after page load --}}\n{{!--\nGenerate the srcset string using the default sizes defined in the helper. This will allow the browser to\npick the best-sized image based on its own understanding of how it will render the page.\n--}}\n\n\n{{#unless lazyload '==' 'disabled'}}data-{{/unless}}srcset=\"{{getImageSrcset image use_default_sizes=true }}\" \n{{else if default_image}}src=\"{{cdn default_image}}\"{{/if}}\nclass=\"{{#unless lazyload '==' 'disabled'}}lazyload{{/unless}}{{#if class}} {{class}}{{/if}}\"\n{{#if lazyload '==' 'lazyload'}}loading=\"lazy\"{{/if}}\n{{otherAttributes}} />\n",
  "components/carousel-content": "<div class=\"heroCarousel-content{{#unless show_background}} heroCarousel-content--empty{{/unless}}\">\n    <h1 class=\"heroCarousel-title\">{{{heading}}}</h1>\n    <p class=\"heroCarousel-description\">{{{text}}}</p>\n    {{#if button_text}}\n        <span class=\"heroCarousel-action button button--primary button--large\">{{button_text}}</span>\n    {{/if}}\n</div>\n"
}